Year,Month,cnt_ArrDelay,cnt_DepDelay,cnt_AllFlights,% ArrDelay>5,% ArrDelay>10,% ArrDelay>20,% ArrDelay>30,% ArrDelay>45,% ArrDelay>60,% ArrDelay>90,% ArrDelay>120,% DepDelay>5,% DepDelay>10,% DepDelay>20,% DepDelay>30,% DepDelay>45,% DepDelay>60,% DepDelay>90,% DepDelay>120
1988.0,1.0,418890,421195,436950,49.8758623982,36.9240134642,21.6252476784,14.1941798563,8.46881042756,5.48616581919,2.58635918738,1.37004941631,35.5058820736,26.2928097437,16.0830494189,10.9668918197,6.78094469308,4.47607402747,2.17832595354,1.16596825698
1988.0,2.0,403994,405256,412579,46.6479700194,33.1220265648,17.7581845275,10.8763991544,6.15825977614,3.88619632965,1.83220542879,0.90273617925,31.7905225339,22.4290325128,12.6712497779,8.17088457666,4.9452691632,3.24905738595,1.55852103362,0.790858124247
1988.0,3.0,440902,441957,445080,44.0320071127,30.0436378152,14.5184190591,8.10973867209,4.19911907862,2.57177331924,1.16533832915,0.589927013259,29.3614537161,19.6286064029,9.97133205267,6.04877850108,3.46413791387,2.25519677254,1.06005787893,0.567476021423
1988.0,4.0,423847,424911,427325,38.0993613261,25.1175542118,11.9033519171,6.92584824241,3.89291418837,2.51411476311,1.16315557265,0.572140418594,25.0017062397,16.3989635477,8.46389008522,5.31758415292,3.22279253773,2.17245493762,1.04327729807,0.537288985223
1988.0,5.0,432218,433289,435916,37.6666404453,25.1708628516,12.88169396,8.08064448959,4.87578027755,3.19283324619,1.46291917505,0.738284846999,25.5337661468,17.1612941939,9.44311994996,6.28541227679,3.91470819707,2.58857252319,1.2093544955,0.604908040592
1988.0,6.0,429162,430096,431299,36.4734063128,23.5808389373,10.4787935558,5.62421649633,2.83459392957,1.69912527204,0.754260628853,0.390528518368,25.2980729884,15.9299319222,7.40323090659,4.25579405528,2.33552509207,1.44293367062,0.676825638927,0.366197314088
1988.0,7.0,436915,438368,441118,37.9481134774,25.5990295595,13.0352585743,7.85576141812,4.50362198597,2.93741345571,1.49525651443,0.847304395592,27.3482553471,18.3955033214,9.68775093072,6.06157383751,3.6378111541,2.46071793562,1.27267501277,0.770357325352
1988.0,8.0,443032,444291,446769,37.5559778978,24.653523899,11.5917134654,6.68687589158,3.60583434154,2.20638689756,1.0421369111,0.577836363965,26.6903898571,17.4279920142,8.65153694313,5.20694769869,2.95414491853,1.89875554535,0.92191829229,0.518579039413
1988.0,9.0,421229,422037,424075,34.4083621973,21.6502187646,9.45518945752,5.00867699043,2.50338889298,1.47307046761,0.629111480928,0.302923113081,20.4150347007,12.7112077851,5.9715143459,3.53926314517,1.97233891815,1.2472840059,0.572224710156,0.27959633871
1988.0,10.0,438541,439364,441670,38.2785189982,24.7582324116,11.0621355814,5.92966222086,2.99037034166,1.7879742145,0.697996310493,0.355496977478,24.2134084722,15.6435210896,7.74050673246,4.58344334083,2.54572518458,1.56976902978,0.653672126073,0.345044200253
1988.0,11.0,416293,417344,420861,43.7499549596,30.5549216537,15.8943340388,9.50124071267,5.27513073725,3.33034665488,1.55011013877,0.803040166421,29.3170621837,20.3762363901,11.1636923018,7.13032893728,4.20923746358,2.69298228799,1.25651740531,0.643354163472
1988.0,12.0,432474,433825,438454,45.0184288535,32.0627367194,17.0158206042,10.102803868,5.53536166336,3.45408047651,1.57258008574,0.80744738412,31.5857776753,22.456059471,12.4349680171,7.79461764536,4.50204575578,2.8924105342,1.34777848211,0.704662018095
1989.0,1.0,431260,432982,440022,42.8194128832,30.3503686871,16.4151555906,10.1381996939,5.76914158512,3.63006075221,1.61178871215,0.797198905533,29.3123039757,20.9676152819,12.007196604,7.81164113058,4.73506981814,3.03430627601,1.345552471,0.693562318988
1989.0,2.0,385612,387070,395176,47.780930054,35.1086065786,19.7939898136,12.1606692738,6.48812796282,3.7615530637,1.47791043847,0.700185678869,34.6885576252,25.2184359418,14.4395070659,8.99036350014,4.95879298318,2.98912341437,1.21450900354,0.596274575658
1989.0,3.0,410984,412323,435181,48.6481225546,35.6704883888,20.1754812839,12.6990345123,7.39736826738,4.75760613552,2.20738520234,1.11561520643,36.9862947253,26.6730209084,15.5557657468,10.1903119642,6.18713969388,4.05070781887,1.85437145151,0.970355764777
1989.0,4.0,402822,403518,405604,37.6178560257,24.5448361807,11.0686605995,5.87008653946,2.98295525071,1.82040702841,0.858691928445,0.477878566712,25.3051908465,16.1311267403,7.70275427614,4.48604523218,2.52702481674,1.62322374714,0.785590729534,0.443102909907
1989.0,5.0,412510,413637,416160,41.7538968752,28.6574870912,14.5026787229,8.49724855155,4.68109864003,2.94514072386,1.35730042908,0.712225158178,27.7056936396,18.4947187993,9.75202895292,6.1430674722,3.63628012001,2.32546894983,1.09250381373,0.592790296806
1989.0,6.0,401130,402571,406293,49.4702465535,36.3483160073,20.8284097425,13.5110811956,8.28384812904,5.62560765837,2.7599531324,1.49602373295,36.8320122413,26.4027960285,15.5406127118,10.5089537001,6.67211498096,4.56267341661,2.2269363665,1.21966063129
1989.0,7.0,412976,414213,417166,45.0139959707,31.5289508349,16.6038704428,10.0683816977,5.82818372012,3.80942233931,1.85216574329,0.977780791136,32.0533155647,21.9541636791,11.978378274,7.6728639613,4.68020076627,3.154657145,1.54123603074,0.844493050677
1989.0,8.0,422505,423393,426085,48.3828593744,34.5565141241,18.3846345014,10.9842487071,6.13270848866,3.86764653673,1.724713317,0.80330410291,34.9755428172,24.4548209347,13.323555184,8.45219453321,5.01189202467,3.24592045688,1.45656635797,0.681872397512
1989.0,9.0,408982,409873,415068,39.9071352773,27.4241898176,14.281313114,8.66297294257,4.91561975833,3.12409837108,1.31521680661,0.612985412561,26.1063792931,18.152452101,10.2014526451,6.65498825246,4.0607700434,2.60812495578,1.1005848153,0.537239583969
1989.0,10.0,431933,432923,437134,41.0561360211,28.1478840468,14.373757041,8.56660639497,4.71948195669,2.89489342097,1.25088844798,0.601019139542,27.6511065478,19.0144667758,10.5448312979,6.72013267948,3.93788271817,2.50460243508,1.087953285,0.551368257173
1989.0,11.0,413260,414324,417821,41.6432754198,29.4894255432,15.9161302812,9.75487586507,5.48202100373,3.37729274549,1.46275952185,0.709238735905,29.5737152567,20.6937083056,11.6568193008,7.46396539906,4.37025130091,2.77343335168,1.18989003775,0.593979590852
1989.0,12.0,418222,420208,429490,48.2894252335,36.6185901268,21.9445653265,14.1716600274,8.16982368216,5.21995495215,2.39705228324,1.21873072196,38.7129707193,29.2188630393,18.0032269733,11.9502722461,7.15383809923,4.655313559,2.22104291208,1.15395232837
1990.0,1.0,433348,435154,442700,40.277329075,28.6451073964,15.7358520173,9.91720280237,5.7422671848,3.70118242152,1.77755522121,0.939660503798,28.9212554636,20.5704187483,11.9681767834,7.87881991203,4.78474287264,3.12739857614,1.47235231665,0.776047100567
1990.0,2.0,387570,389204,396926,44.9433650695,33.2559279614,19.6986350853,13.2298681528,8.20393735325,5.52209923369,2.73060350388,1.41935650334,32.7154911049,24.3373654947,15.3122783939,10.7270223328,6.91642429163,4.74661103175,2.40131139454,1.2736251426
1990.0,3.0,437164,438521,444320,43.0863474577,30.7609958734,16.8916013212,10.6653338335,6.3264587203,4.12819902828,1.84415917139,0.897146151101,30.9205260409,21.9902809672,12.8196825238,8.52023050207,5.30670138944,3.47782660351,1.56548945204,0.772140900892
1990.0,4.0,430611,431436,433420,38.7735101983,25.847226383,12.1838503893,6.82309555492,3.53892492296,2.13324787337,0.88920162281,0.43240883303,23.5995605374,15.3227825216,7.86582482686,4.8051159384,2.72346303971,1.68437497103,0.733364855969,0.36900026887
1990.0,5.0,443713,444752,447371,39.3535911727,26.7920930872,13.4834904544,7.99931487245,4.38819687501,2.71233883163,1.16223775278,0.521508272239,23.1861801633,15.2950408317,8.21558981185,5.24089829838,3.10465158111,1.96851278915,0.852385149477,0.417760909451
1990.0,6.0,433444,434718,437395,40.114986019,27.5643451057,14.2279048735,8.65186736926,5.04471165825,3.28439198605,1.57667426473,0.825250782108,26.3837706283,17.4384313509,9.47349776177,6.14191268823,3.83351966102,2.57546271376,1.25989722073,0.688262275774
1990.0,7.0,450535,451832,455057,37.9007180352,25.8887766766,13.4633269335,8.28903414829,4.86599265318,3.17356032273,1.59188520315,0.891384687094,24.9940243276,16.6559694754,9.0108712973,5.90484959011,3.68876042423,2.49650312506,1.29893411711,0.735892986774
1990.0,8.0,453486,454815,457886,42.1516871524,29.3984819818,15.4900041016,9.54891661485,5.5159365449,3.56394684731,1.64635732966,0.839937726854,28.9961852621,19.6862460561,10.8334157844,7.08419906995,4.27404549102,2.80707540429,1.32097666084,0.686213075646
1990.0,9.0,431148,432221,435638,34.1789826231,22.2679915018,10.3685973262,5.82352231716,3.17686734022,2.05219553378,1.00058448607,0.524877768191,20.6419863912,13.352428503,6.88837423448,4.28276275331,2.57692245402,1.73776841014,0.829668155874,0.456479439916
1990.0,10.0,451046,452107,455047,37.6781969023,25.0446739357,12.0375748815,6.81659963729,3.59187311272,2.16385911858,0.896804317076,0.412818204795,23.2829838954,15.2247145034,7.86716418901,4.82341569584,2.74890678534,1.70335783343,0.7259343474,0.351686658247
1990.0,11.0,425824,426747,428781,34.5675678214,22.6518467724,10.3420662058,5.66572104907,2.91387991283,1.72536071241,0.724008040881,0.352962726385,22.6644827029,14.384401062,7.15388743213,4.29200439605,2.37939575439,1.47230091834,0.646753228494,0.318221334889
1990.0,12.0,424592,426928,436352,46.5778912462,35.6601160644,22.4938293703,15.7026039115,10.1657591288,7.03074951954,3.70308437276,2.0506745299,36.0557283664,27.5135385826,18.1564572949,13.0897950006,8.73004347337,6.11461417382,3.22021511824,1.78484428288
1991.0,1.0,416206,417840,427264,44.4402531439,32.6158200506,18.7979029615,12.0699845749,7.14237661158,4.55735861569,2.05331013969,1.04948030543,32.7874305954,23.7191269385,14.3487937967,9.68361095156,5.93767949454,3.83424277235,1.7533026996,0.911832280299
1991.0,2.0,379661,380965,387120,35.2048274645,23.8960546382,12.1724380434,7.27807175349,4.10076357593,2.59520993729,1.18447773145,0.619236634787,25.4587691783,17.0257110233,9.30872914835,5.94096570551,3.56436943026,2.29732390115,1.07358943735,0.590080453585
1991.0,3.0,424281,425323,429314,38.3413351057,26.9057534983,14.1045674918,8.35389753489,4.58021924149,2.81205144704,1.19307722948,0.558120679455,26.9150739556,18.3378279566,9.99381646419,6.32342948771,3.69601455835,2.3212946396,1.0058238092,0.496563787992
1991.0,4.0,418299,419337,422196,34.9742648201,23.3180093665,11.4635703169,6.81330818386,3.89434351983,2.51255680745,1.18742813155,0.6251509088,24.3047954271,15.7047911346,8.25183563578,5.28882497848,3.22556797993,2.10117399609,1.02232810365,0.548246398481
1991.0,5.0,426500,427502,430116,34.5526377491,23.0429073857,11.5477139508,7.08909730363,4.22438452521,2.82579132474,1.41172332943,0.749355216882,23.3690134783,15.1395782944,8.13142394655,5.33611538659,3.35483810602,2.24958011892,1.12958535866,0.597424105618
1991.0,6.0,421876,422847,424589,33.4562762518,21.5527785416,10.0588798604,5.74979377827,3.18292578862,2.02429149798,0.831998027857,0.39822127829,23.1887656765,14.2595312252,6.98030256807,4.35618557067,2.6200966307,1.71480464565,0.696705900716,0.351190856267
1991.0,7.0,437977,438964,441122,34.250200353,22.3135004806,10.7823013537,6.43093130461,3.75932982782,2.41633693093,1.17312096297,0.663733483722,23.6171986769,14.986878195,7.64162892629,4.84390519496,2.94192690061,1.95004601744,0.981173854804,0.561549466471
1991.0,8.0,438558,439374,441583,36.3418293589,24.0581633444,11.5754358603,6.60459961966,3.58766685364,2.19720082634,0.956543946297,0.474509642966,25.1676248481,15.8948868162,7.95654726952,4.89378069708,2.87021990377,1.81280640184,0.788621994019,0.411494535407
1991.0,9.0,415003,415592,417757,29.9988192856,18.4345655333,7.846931227,4.24430666766,2.1857673318,1.29444847387,0.549393618841,0.291805119481,17.715451693,10.5817725077,5.06049202102,3.10280274885,1.73415272671,1.06017440182,0.461269706828,0.238936264413
1991.0,10.0,428638,429854,433382,35.4588253958,23.3740358998,11.2869134328,6.7366869013,3.91052589831,2.53850568545,1.20124673967,0.610771793448,22.3752716038,14.3572003517,7.68237587646,4.99076430602,3.07034481475,1.98695370986,0.933107520228,0.479697757843
1991.0,11.0,398313,399246,402937,36.2712238867,24.2455054191,11.6310539701,6.58050327255,3.57055883187,2.24923615348,1.02030312844,0.513415329151,23.6691162842,15.2044103134,7.83752373224,4.92603557706,2.91048626661,1.9206203694,0.890929401923,0.457362127611
1991.0,12.0,415523,416576,419545,39.3239363405,27.4237527165,14.1518038713,8.26259918224,4.41564004881,2.65183876705,1.11233313198,0.535710417955,30.4297415118,20.6147257643,11.0140766631,6.80332040252,3.7976263635,2.32514595176,0.96981103088,0.494987709326
1992.0,1.0,417893,419156,425458,36.556965539,24.8989573886,12.4512734121,7.25161704073,3.99815263716,2.47431758847,1.0639087039,0.505871120119,24.9296204754,16.3762417811,8.66670165762,5.47099409289,3.264894216,2.07703098608,0.88797488286,0.429672961857
1992.0,2.0,392503,393298,396469,35.8359044389,23.6258066817,11.153035773,6.22262759775,3.1620140483,1.87081372626,0.735535779344,0.319233228791,23.8279879379,15.1864489522,7.64280520115,4.66974151915,2.59930129317,1.58607468128,0.655736871278,0.29570452939
1992.0,3.0,420123,421385,426851,37.64945028,25.7386527279,13.0590327118,7.75582388967,4.28231732136,2.65279453874,1.15680407881,0.566500762872,27.2190514613,17.9389394497,9.49725310583,5.94373316563,3.47995301209,2.21555109935,0.97820283114,0.497407359066
1992.0,4.0,413302,414117,416271,31.6940155141,20.0790221194,8.72606471781,4.68785536968,2.41953825532,1.44954536876,0.612143178596,0.291796313592,20.4335972684,12.2518515299,5.76769367111,3.43598548236,1.95403714409,1.21004450433,0.525455366479,0.26731575859
1992.0,5.0,423007,423610,425558,32.5450879063,20.5185729787,8.68307143853,4.42734990201,2.1519738444,1.2366225618,0.514175888342,0.240421553308,20.5585326125,12.0492906211,5.37499114752,3.0650834494,1.69330280211,1.05852080923,0.452774958098,0.220957956611
1992.0,6.0,422916,423711,425510,40.1082011558,27.0824466324,13.3042968344,7.59276073736,4.09750399607,2.59673315741,1.21584428113,0.639134012428,27.9692998294,17.435941007,8.54190710177,5.16507713984,3.02470315852,2.01835685172,0.948523875944,0.497272905353
1992.0,7.0,436318,437577,440210,41.0505640382,28.0868540835,14.3995892904,8.71336960657,5.08436507318,3.44106821172,1.8493392434,1.08728037807,29.2830747503,18.7162487974,9.67943927583,6.15114596974,3.86903333585,2.69278321301,1.48408165877,0.897213518992
1992.0,8.0,436930,437801,442131,40.7614492024,27.5744398416,13.5028494267,7.8790652965,4.36568786762,2.80548371593,1.3505595862,0.718879454375,30.2829367681,19.2633182656,9.48056308688,5.6966521319,3.39126680844,2.25239321061,1.11854472694,0.614434411982
1992.0,9.0,418314,419040,422574,33.1834459282,21.295247111,9.79360002295,5.57069569749,3.19807608638,2.14575653696,1.14579000464,0.682979771177,21.9124665903,13.3681748759,6.53970981291,4.06977854143,2.52887552501,1.73348606338,0.918528064147,0.555794196258
1992.0,10.0,425435,426028,435690,31.1974802261,19.339029464,8.12885634703,4.24083585036,2.21608471329,1.39739325631,0.663086017841,0.379611456509,20.7068549485,12.23299877,5.51700827176,3.1906353573,1.82992667149,1.13912700574,0.52649121654,0.303031725614
1992.0,11.0,404900,405621,409266,36.2435169178,24.4220795258,11.7288219313,6.58039021981,3.34848110645,1.97357372191,0.793282291924,0.353173623117,25.7082350273,16.2442279862,8.00007889138,4.62525362346,2.53339940486,1.53468385513,0.634335993452,0.29510306419
1992.0,12.0,416296,417977,426169,44.971126314,33.0997655514,18.6617214674,11.5617253108,6.39376789592,3.92389069316,1.66275919058,0.793185617926,35.0134098288,24.7269586604,13.9112917696,8.7263174768,4.99477243963,3.17984003905,1.39457434261,0.70434497592
1993.0,1.0,414005,415205,422755,40.0661827756,28.6759821741,15.8116447869,9.82669291434,5.45379886716,3.27218270311,1.30916293281,0.589123319767,30.6186100842,21.1815850002,11.9639696054,7.6053997423,4.32075721631,2.65314724052,1.05562312593,0.510591153767
1993.0,2.0,375102,376146,383950,40.4324690351,29.1851283118,16.3704805626,10.4446257285,6.20791144809,3.98398302328,1.86829182462,0.997595320739,30.9284160938,21.4913889819,12.2457769058,8.03570953832,4.86779069829,3.21311405678,1.54381543337,0.846213970107
1993.0,3.0,414711,416168,432980,43.1690984806,31.3435139169,17.9370694291,11.6888628467,7.18765598212,4.88918789229,2.60277639127,1.46559893516,33.4737413737,23.4835451068,13.7213817497,9.32147594241,5.99229157456,4.16370311989,2.22530324292,1.21825801119
1993.0,4.0,415954,416609,420051,36.6379455421,24.2151776398,11.6714829044,6.92119801709,4.04467801728,2.71881025306,1.35784245373,0.701519879602,25.0256235463,15.657847046,8.02047003305,5.17727653507,3.25581060419,2.25151160921,1.12239533951,0.57007889892
1993.0,5.0,427802,428373,430185,31.6209367885,19.6626009229,8.44830084946,4.48852506533,2.35576271266,1.44833357488,0.67764994086,0.390835012459,19.7311688645,11.4636076503,5.16442446186,3.03497185864,1.75921451632,1.15343403996,0.567729525437,0.324950452059
1993.0,6.0,420447,421528,424599,35.6296988681,23.6186725081,11.5412882004,6.84485797259,3.95412501457,2.64837185186,1.36402447871,0.799149476628,24.9857660701,15.501224118,7.68727107096,4.80537473193,2.99268376003,2.04683911864,1.04144920385,0.615143003549
1993.0,7.0,433564,434268,436269,32.0146506629,20.5277652204,9.40368665295,5.16832578351,2.66281333321,1.59215248498,0.674640883468,0.34204869408,22.764974624,13.2911013476,5.93711717188,3.44142326858,1.9667578546,1.22827378485,0.552654121418,0.299124043218
1993.0,8.0,438661,439362,441745,34.2262020102,22.6441375003,11.0693679174,6.53169531825,3.63560927459,2.32457410164,1.09173142814,0.551906825544,24.6316249471,15.2591712529,7.4760675707,4.61328016533,2.69914102722,1.77302543233,0.826425589833,0.430852008139
1993.0,9.0,412803,413538,416357,32.8878423849,21.6522166748,10.6476939363,6.35726969039,3.61625278886,2.270574584,0.983277737807,0.471895795331,21.4933089583,13.4957367884,6.94736638471,4.41483007608,2.68101117672,1.72269537503,0.753981496259,0.389323351179
1993.0,10.0,425166,425869,428476,35.9861795158,23.9562900138,11.8885329495,6.95022649977,3.72489803982,2.22948213169,0.97444292347,0.493924725872,24.4093841064,15.5226137615,8.07431393222,4.98674475015,2.77268361867,1.68197262538,0.747412936842,0.38979122688
1993.0,11.0,402116,402784,407900,37.2949596634,25.530692636,12.9517353202,7.75199196252,4.49895055158,2.97700166121,1.40158561211,0.68064936486,28.1408894097,18.4210395646,9.6828573131,6.18619408914,3.83083737189,2.53734011281,1.17879558274,0.607521649321
1993.0,12.0,419992,420806,425234,40.5867254614,28.6893559877,15.2833863502,9.22136612126,5.05081049163,3.08672546144,1.27692908436,0.57429665327,31.545415227,21.5876199484,11.8451257824,7.33188214997,4.15939886789,2.56697860772,1.05630623138,0.484308683812
1994.0,1.0,401573,403266,423861,45.048347374,33.7258730044,20.4296603606,13.6675025462,8.41366326919,5.56835245397,2.6784669288,1.37832971838,36.8337524116,26.9551611095,16.4298502725,11.2077388126,7.05464879261,4.66813468034,2.20698000823,1.13771059301
1994.0,2.0,368590,370027,386954,41.6327084294,30.3583927942,17.6255459996,11.5998806262,7.17979326623,4.92634092081,2.54700344556,1.43194335169,33.1348793466,23.3947792999,13.8552051607,9.33310271953,5.9671321282,4.16618246777,2.11822380529,1.17558988939
1994.0,3.0,429448,430309,435516,35.1395279522,23.7234775805,11.9804958924,7.13916469514,4.07080717572,2.59635625268,1.19665244686,0.571431232652,27.8495220876,18.1358047357,9.43112972306,5.86508764632,3.49539516952,2.2583771197,0.997190391091,0.471986409766
1994.0,4.0,417694,418526,420995,35.3304093427,23.7377122966,12.2376668087,7.69414930547,4.56937375208,2.95838580396,1.43095184513,0.736424272314,25.59482565,16.6104375833,9.01114865026,5.87370916024,3.60598863631,2.37452392444,1.16050137865,0.572485341412
1994.0,5.0,434101,434752,436432,30.5143273109,18.8373212686,8.23379812532,4.55746473747,2.48421450308,1.56276995446,0.713889164042,0.361666985333,20.7118081113,12.2071893861,5.6899105697,3.3897486383,1.99907073458,1.2841804063,0.614143235684,0.306611585456
1994.0,6.0,422641,423805,426490,37.7462196048,25.3775663033,12.9776808213,8.01649626988,4.81614419803,3.30848166647,1.79324769722,1.06567985595,28.291785137,18.0297542502,9.39866212055,5.99898538243,3.75243331249,2.6096907776,1.42872311558,0.852986633003
1994.0,7.0,438641,439924,443736,39.9043865029,27.5893042374,14.9498108932,9.50184775249,5.81386600888,3.94422773977,2.05133583044,1.15880640433,31.3147270892,20.6115147162,11.1505623699,7.22306580227,4.51555268637,3.10780953074,1.63755557778,0.90833871305
1994.0,8.0,447543,448659,451086,35.7194727657,23.4147333329,11.2722129494,6.6409261233,3.80678504635,2.50299971176,1.30021025913,0.745626677213,27.1899148351,16.8696047555,8.34219306868,5.12371310951,3.07494110226,2.06682580757,1.06829462911,0.621184463033
1994.0,9.0,428568,429114,430861,30.0953407627,18.46708107,7.94063019171,4.31950122268,2.23978458494,1.32861062889,0.560471150436,0.246635306416,20.7783945525,12.0897943204,5.49853884982,3.18516757785,1.75920617831,1.09038623769,0.451162162036,0.221619429802
1994.0,10.0,446462,447177,449369,32.6307726077,20.8136414745,9.58401834871,5.59442908915,3.26119580166,2.20399496486,1.11364461029,0.54427924437,23.5063520709,14.2080205377,7.10054407986,4.46579318704,2.75394306952,1.89835344841,0.926031526666,0.456418822972
1994.0,11.0,424718,425566,428227,38.4478642299,26.6014155275,13.8235252568,8.26077538508,4.53265460847,2.81480888495,1.20220946605,0.524583370613,30.2521818002,19.7452334068,10.4155407152,6.42485536908,3.72304178435,2.36931521785,0.992560495904,0.438474878162
1994.0,12.0,441223,442183,446521,40.017632807,28.122740655,14.7687223921,8.76042273408,4.72368847499,2.818302763,1.1855682954,0.526037853874,34.6033203447,23.100616713,12.199021672,7.40869730406,4.12544127658,2.44672454617,1.02921188739,0.437827777187
1995.0,1.0,449324,450672,464933,42.8483677703,31.4723896342,18.6493487995,12.3821563059,7.49948811993,4.81456588119,2.1846151107,1.04579323606,34.9276191998,24.9043650371,15.3561792168,10.6168122271,6.56530691944,4.25209464977,1.88340966379,0.929278943444
1995.0,2.0,407604,408358,418312,37.8642015289,26.5385030569,14.5010843858,9.09804614282,5.23694566295,3.30958479308,1.44380329928,0.727667049391,30.4904030287,20.5790017583,11.7632077736,7.69055583581,4.60429329167,2.95941306403,1.27682082878,0.653103404366
1995.0,3.0,453412,454151,461503,38.3421700352,26.9269450301,14.7025222094,9.27059716108,5.40788510229,3.43352183004,1.45474755851,0.685689836175,30.6774619014,20.5863248127,11.8236005205,7.86654658913,4.79311946908,3.03929750237,1.26631891155,0.61433311828
1995.0,4.0,434496,435233,441074,36.3692646192,24.8563853292,13.0797521726,8.00950986891,4.66517528355,3.05158160259,1.48908160259,0.824403446752,28.1658330136,18.1874995692,9.99211916376,6.52501074137,4.02313243711,2.69143194565,1.28781595146,0.70743716584
1995.0,5.0,441103,441924,448341,36.974357463,25.4847507272,13.5702999073,8.39985218872,4.74129625054,2.99317846399,1.37654924133,0.725000736789,27.9357989157,18.1461065704,10.2137471601,6.7235542763,3.99503081978,2.55292765272,1.18232999339,0.612322480789
1995.0,6.0,432699,433623,439423,42.8189110675,31.0620084632,17.5835858183,11.1608762673,6.58332928895,4.23758779198,2.07234128112,1.08967203529,34.5638953653,23.4537835862,13.3710619594,8.84501052758,5.44505249952,3.64141200997,1.76143793111,0.934221662596
1995.0,7.0,442971,444033,449856,36.7337816697,25.7655693036,14.4140361333,9.34891900373,5.73581566288,3.81605116362,1.85249147235,0.977039128972,31.2208777276,20.6779676285,11.76759385,7.95796708803,5.0710194963,3.41280940831,1.63546403083,0.8672778825
1995.0,8.0,448825,449815,457423,37.3296942015,26.0221689968,14.2371748454,9.08795187434,5.47429398986,3.6963181641,1.88068846432,1.03225087729,31.936462768,21.0119715883,11.8161911008,7.82210464302,4.9613730089,3.38761490835,1.72959994664,0.943943621267
1995.0,9.0,424316,424776,429774,30.5661346732,19.8877723206,9.69654691315,5.64272853251,3.06705379953,1.87761008305,0.786677853298,0.366000810717,22.731745673,14.089072829,7.50136542554,4.81783339925,2.85421021903,1.84238280882,0.780175904477,0.371489914684
1995.0,10.0,442437,443126,448017,35.9115535093,24.4140973743,12.4966944446,7.42908029844,4.06317735632,2.47877098886,1.11134466602,0.538833777464,28.9353366763,18.5015097286,9.88025979067,6.26684058259,3.65765041997,2.30498774615,1.02228260134,0.498503811557
1995.0,11.0,419998,420811,427091,39.7680465145,28.6329934904,16.1462673632,10.3586207553,6.05169548426,3.93097109986,1.93572350345,1.0078619422,34.1481092462,23.3344660667,13.5388571116,9.0275681957,5.54643295921,3.62324178788,1.73427025434,0.902067674086
1995.0,12.0,427853,429008,441688,49.0105246428,38.2720233351,24.7248470853,17.233255347,10.8955645981,7.35719978591,3.64961797627,1.95768172714,43.6301887144,33.0739753105,21.507990527,15.1547290493,9.77697385597,6.58519188453,3.20693320404,1.7027654496
1996.0,1.0,415681,417629,447224,50.918372502,40.5897791816,27.1537549226,19.3665334716,12.4287614782,8.44060710016,4.24941241,2.34578919893,43.3822842762,33.0781626755,22.1577045655,16.0920338386,10.5292017556,7.20424108479,3.58763400051,1.96921190818
1996.0,2.0,404309,405678,420265,44.8436715482,33.5646745435,20.0680667509,13.2618863295,8.00229527416,5.19701515425,2.48324919801,1.32794471555,37.94906305,27.2901167921,16.5020040525,11.3067506742,7.13250410424,4.71630209181,2.26583645157,1.20292448691
1996.0,3.0,439714,440646,449569,41.3318657127,30.2699027095,17.580518246,11.523626721,6.96429952196,4.58843702952,2.23076818114,1.20078050733,35.2101233189,24.7586498005,14.599474408,9.79788764677,6.05996650372,4.03748133422,1.95621882418,1.03711369217
1996.0,4.0,429737,430485,436007,37.2662814698,26.0940994143,14.3338832821,9.17980066878,5.60133290827,3.79278488936,1.93932568059,1.06972404052,29.0456113453,19.6362242587,11.3204873573,7.65671277745,4.89122733661,3.38989744126,1.63257720943,0.864606199984
1996.0,5.0,440901,441879,448923,38.5848523818,27.2401287364,15.2998065325,10.0217509146,6.20933043926,4.1778086237,2.12292555472,1.15173247509,29.5386293533,20.2960538971,12.0625782171,8.35703891789,5.41369922535,3.7394852437,1.84258586627,0.992126803944
1996.0,6.0,434042,435288,443311,43.2204717516,31.7464669318,18.8792789638,12.7307956373,8.03240239424,5.48979131052,2.82737615254,1.57358043692,35.6563930088,25.0487033872,15.1389424932,10.4772013012,6.8189336715,4.71572843726,2.39473635846,1.30947786293
1996.0,7.0,447835,449026,458376,41.9362041823,30.6117208347,18.2920048679,12.3936271171,7.84931950384,5.39886342068,2.86489443657,1.60125939241,34.0109481411,24.1349053284,14.7848899618,10.3566385911,6.81207769706,4.78101490782,2.48627028279,1.37564417205
1996.0,8.0,453202,454346,462294,43.905587354,32.1487989903,18.6916650853,12.1497698598,7.31528104466,4.88281163808,2.47417266473,1.35921730266,35.0120833022,24.7078217922,14.717418003,9.96289171689,6.29696310741,4.30574936282,2.16046801336,1.17685640459
1996.0,9.0,429721,430632,438352,38.528254379,27.2916613337,15.2948075612,9.9362144275,5.87241489245,3.71752834979,1.60615841441,0.785858731596,27.2738672463,19.0647699196,11.5843690204,7.94738895391,4.93089226997,3.18787270802,1.39492652659,0.695721637036
1996.0,10.0,447469,448630,456577,41.5441069661,29.6188115825,16.2666017087,10.0780165777,5.79973137804,3.79758150844,1.92750782736,1.07873394582,30.5108887056,21.127878207,12.3402358291,8.24577045672,5.09283819629,3.43244990304,1.6820096739,0.924146847068
1996.0,11.0,424485,425541,435088,38.7601446459,27.8624686385,15.6488450711,9.93179971024,5.85839311165,3.86232729072,1.93717092477,1.06128602895,29.5341694455,20.69976806,12.3372366,8.2741733464,5.15179500918,3.47064090182,1.67410425787,0.907080633828
1996.0,12.0,442230,443667,455997,50.8240056079,39.832440133,25.7528887683,17.9935780024,11.4137439794,7.74054225177,3.93550867196,2.13825384981,43.4724692168,33.4041071344,21.9317641384,15.6806794285,10.1993161538,6.99781592951,3.52629336868,1.8879024133
1997.0,1.0,439497,440981,459123,48.2879291554,37.0960438865,23.0181320919,15.5671142238,9.58755122333,6.41096526256,3.08375256259,1.58431115571,38.523428447,28.937981455,18.5250611704,12.9368385486,8.21395933158,5.57098831922,2.66428712348,1.33361754815
1997.0,2.0,406207,407043,415656,42.5910927187,31.1998562309,18.0937305364,11.7870937724,7.1360168584,4.73797841987,2.33501638327,1.2422237923,32.5832897261,23.3982650482,14.3500809497,9.83532452345,6.23472213009,4.25974651327,2.11157052203,1.11290453343
1997.0,3.0,451667,452639,460986,39.8107455271,28.2783555141,15.7020548324,9.96287087611,5.93822439983,3.93032920271,1.94014616963,1.03151215387,31.9782431474,21.9850697797,12.7616047225,8.54389480359,5.37912110976,3.66561431958,1.78442423211,0.927891763635
1997.0,4.0,439380,440240,447294,37.3537712231,26.2251354181,14.5543720697,9.51477081342,5.95407164641,4.12217215167,2.211980518,1.22285948382,28.253679811,19.4637016173,11.6770397965,8.13283663456,5.34367617663,3.75954025077,1.97165182628,1.08986007632
1997.0,5.0,451423,452182,457361,34.1296300809,22.9711379349,11.9076786074,7.4068002738,4.35245878035,2.8625036828,1.43878357992,0.791940153692,25.038590656,16.5086182113,9.30842006095,6.19020659823,3.87189229116,2.60094386773,1.31473610184,0.730236939993
1997.0,6.0,442523,443952,450737,42.3324889328,30.6463166886,17.680436949,11.5184973436,7.02878720428,4.68969974442,2.44258490519,1.4080624058,32.6857408008,22.9335603849,13.7341424298,9.37961761632,6.01146069845,4.11823800771,2.15698994486,1.22242945183
1997.0,7.0,457585,458884,466771,40.050482424,28.7832861654,16.6006315766,11.0696373351,6.86976190216,4.58800004371,2.27586131538,1.22337926287,30.7984152858,21.4605434053,13.0294366332,9.05566548409,5.87926360475,4.04612058821,2.01292701423,1.093522546
1997.0,8.0,458629,459682,466608,39.3618807358,27.9502604502,15.7499852822,10.2126119369,6.18146693733,4.07039240868,1.99573075405,1.03591355976,30.9159375394,21.4887683224,12.6831157191,8.60747212203,5.47030338364,3.66601259131,1.77601037239,0.944783567771
1997.0,9.0,437341,438076,444431,30.4695878045,20.1282294594,10.2030223556,6.33624562984,3.74147404428,2.49873668373,1.28503844826,0.725978126908,20.4010263059,13.6193263269,7.85731242981,5.28287329139,3.3389183612,2.3130689652,1.16167057771,0.645778358093
1997.0,10.0,451101,451714,459247,35.8908537113,24.6292958783,12.9826801537,7.99687874777,4.58788608316,2.94479506807,1.43227348199,0.763687067863,25.2781627313,17.1922942393,10.0074383349,6.71663928946,4.16878821555,2.75616872623,1.31122790084,0.683175637682
1997.0,11.0,425121,425998,432725,38.5591396332,27.8955873739,15.9895653238,10.2989501812,6.17682965556,4.07907395777,1.97355576412,1.03899830872,28.3646871582,20.0989206522,12.2434847112,8.40473429453,5.37209094878,3.67443039639,1.78287222006,0.937328344265
1997.0,12.0,441525,442689,450904,44.1476700074,33.2667459374,19.8736198403,13.0515825831,7.82877526754,5.07106052885,2.40824415379,1.26266915803,35.4422630786,25.7756574028,15.9122996054,10.8965888016,6.85695827093,4.59577717088,2.18392596157,1.13465660995
1998.0,1.0,436847,438121,452001,39.5728939423,29.4743926363,18.0578097137,12.3436809684,7.83271946471,5.35725322596,2.69934324832,1.42315272853,29.977106781,22.2123568603,14.4489764243,10.3373269028,6.8129580641,4.75599206612,2.35414417478,1.25125250787
1998.0,2.0,401317,402348,412832,40.188180416,29.8758836531,17.9967457147,12.1582190637,7.69665875106,5.22479735471,2.63308058218,1.33435663079,29.8162287373,21.7254714824,13.8822611272,9.95382107032,6.58584111267,4.58210305507,2.34722180799,1.16366926144
1998.0,3.0,448722,449856,459703,40.2547679855,29.7217430837,17.909306876,12.2253867651,7.8130780305,5.39509986138,2.75538083713,1.37523901213,31.8797570778,23.0640471618,14.644908593,10.4477877365,6.90643228055,4.87155889885,2.43789123631,1.23528417983
1998.0,4.0,434711,435692,442644,37.2054077307,26.6353968499,15.2770461295,10.0627773394,6.27152291982,4.29526743055,2.32108228225,1.34733190556,28.7099602471,20.0976836848,12.1957713247,8.46699044279,5.49080543136,3.84881980849,2.04731783003,1.16848599469
1998.0,5.0,438940,439900,449293,38.4257529503,27.8536929877,16.4726386294,11.3455141933,7.49122886955,5.41190139882,3.04187360459,1.72574839386,29.9329393044,21.3619004319,13.448965674,9.68288247329,6.64764719254,4.84519208911,2.68379177086,1.50102295976
1998.0,6.0,431764,433557,446427,44.8362994599,34.5742118379,22.5993829963,16.4045636042,11.266339945,8.25497262393,4.76695602227,2.85757960367,37.9308833671,28.0807367889,18.4780778537,13.6392677318,9.56044995237,7.07819271745,4.01239052766,2.35701418729
1998.0,7.0,452013,453099,462429,36.1199788502,26.0249152126,15.5641541283,10.7884065281,6.9922767708,4.91047823846,2.65788815808,1.47407264835,30.9053871229,21.6919481173,13.4913120532,9.65506434576,6.48423412985,4.61510619092,2.47274878117,1.36416103324
1998.0,8.0,450017,451184,465910,36.3261832331,26.7003246544,16.4384901015,11.5546746012,7.60126839653,5.36335294,2.87544692756,1.61549452576,30.1240735487,21.5045303025,13.706381432,9.93208979042,6.71123089471,4.79493953686,2.54463810773,1.43001524877
1998.0,9.0,410355,411008,443901,29.6864909651,20.4466864057,11.4388760951,7.64971792716,4.84580424267,3.31810261846,1.64735412021,0.840491769322,22.7010179851,15.7734156026,9.78740073186,6.9439037683,4.60769620056,3.20626362504,1.54084592027,0.78125
1998.0,10.0,449246,450139,457954,32.957444251,23.1472289124,13.0569888213,8.71771813216,5.50834064188,3.83375700618,2.02984556346,1.13768403058,24.5262019065,17.2771077378,10.7280195673,7.60631715981,5.06243626969,3.59822188257,1.8314342903,1.00991027216
1998.0,11.0,429455,430109,436528,30.8274440861,21.4972465101,11.8934463448,7.65551687604,4.65985958948,3.09275709911,1.61809735595,0.912551955385,23.2603828332,16.1886870537,9.86912619824,6.80687918644,4.41794986852,3.02806962886,1.58936455643,0.893261940578
1998.0,12.0,443664,445199,455099,41.6853745177,32.036180533,20.3176277543,13.9666504382,8.83393739406,6.02099787226,3.11699844928,1.72382704028,35.5146799521,26.8428275895,17.5171103259,12.4903694752,8.22283967394,5.71407393098,2.96429237262,1.61118960285
1999.0,1.0,425223,427271,453814,43.8118352018,34.6140730864,23.376204956,17.0755109672,11.6324846022,8.36267088093,4.58065532673,2.6468464782,36.7890636154,28.776116329,19.9044634436,14.8741665126,10.3236587552,7.42573214658,4.03069714537,2.29666885887
1999.0,2.0,402324,403104,417627,33.8262196638,24.4027201957,14.2469750748,9.42499080343,5.78662968155,3.94930454062,2.00982292878,1.08246090216,27.0490989918,19.419554259,11.9785464793,8.32737953481,5.35593792173,3.69383583393,1.9000059538,1.0076804001
1999.0,3.0,452823,453848,466267,35.9197743931,26.2515375765,15.6529151567,10.709482513,6.92588494842,4.8522270291,2.58931193866,1.40717233886,29.1527119212,21.0923040313,13.355793129,9.59946942589,6.42527894802,4.54226965856,2.35210907617,1.26209656096
1999.0,4.0,440603,441697,450620,40.0657734968,29.8236734657,18.1342387592,12.3796251955,7.92414032587,5.5122184824,2.89988946966,1.61460543846,29.8978711651,22.0135069969,14.1889123087,10.2746905684,6.89092296303,4.84404467316,2.536354107,1.39552679778
1999.0,5.0,449039,450197,462054,37.7969396868,28.1790668517,17.57130227,12.4969100679,8.49169003138,6.17051080196,3.45181598926,2.00116248255,28.1983220679,20.9606016921,13.8865874273,10.3168168602,7.23927525061,5.2939046684,2.86096975324,1.61706986053
1999.0,6.0,446174,447791,460467,44.6686718634,34.2872959877,22.1778947227,16.0598779848,11.0006410055,8.03430948464,4.64123861991,2.79778741029,35.0404541404,26.4051756288,17.6816863224,13.1034344147,9.16990292346,6.77615226746,3.84308751181,2.28343133292
1999.0,7.0,457499,459174,474047,43.5456689523,33.5255377607,21.8689002599,15.8730401597,10.8778379843,7.92220310864,4.552578257,2.76415904734,35.7163079791,26.8800062721,17.9833788498,13.3263207412,9.27796434467,6.83662402488,3.84756105529,2.32591566596
1999.0,8.0,466735,467838,479549,38.7335425884,28.6747297717,17.6134208919,12.1807878132,7.86891919398,5.46155741481,2.90336057934,1.61804878571,30.614229712,22.6056882938,14.5962918788,10.5012846327,7.0154626174,4.96154651824,2.60752653696,1.44750960803
1999.0,9.0,444210,445008,460251,33.183179127,23.92832219,14.1250759776,9.55944260597,5.97982935999,3.97177010873,1.86420836992,0.954728619347,24.0393431129,17.6365368712,11.3559756229,8.13693236976,5.34731959875,3.64735016,1.70828389602,0.881332470427
1999.0,10.0,467934,468543,478294,34.989336103,24.9330033723,14.2716707912,9.31840815158,5.63947052362,3.72189240363,1.77183107019,0.920856360085,26.6071630565,19.1579001287,11.8482188401,8.253671488,5.2110478654,3.51259116026,1.66196058846,0.850082062906
1999.0,11.0,446572,447319,454950,32.8124020315,23.4168286413,13.3225997152,8.74730166692,5.36509230314,3.58665567926,1.74529527154,0.9228075204,25.999566305,18.6875585432,11.5982106729,7.98714116771,5.14688622661,3.48990317872,1.72404928027,0.914559855495
1999.0,12.0,460882,461783,469944,37.3661804974,27.5925291072,16.2110909083,10.5608376982,6.22545467169,3.97932659553,1.82259233383,0.922361906084,29.9523802305,21.9406084676,13.5728253314,9.29094401483,5.7182702698,3.73963528324,1.71162645658,0.881366356059
2000.0,1.0,444659,445962,470477,38.022394689,28.7566427307,17.8251199234,12.1652772124,7.75380684974,5.246042473,2.63482803677,1.37678535687,29.2179602746,21.9184594203,14.3662464515,10.2703817814,6.75416291074,4.63963297321,2.29302048157,1.1799211592
2000.0,2.0,428228,429311,444499,38.6866342229,29.1625022184,18.3224824159,12.7457802853,8.19633466284,5.63157943899,2.96220704858,1.66383328507,29.9850225128,22.7667122436,15.2712136423,11.1010432996,7.44541835639,5.24957431792,2.76769055533,1.52593341424
2000.0,3.0,471701,472707,482944,37.7544249429,28.0510323277,17.047875667,11.6548406724,7.47677024217,5.23297597419,2.83717863647,1.59677422774,29.8224904645,22.1081981016,14.3374225472,10.278248471,6.8691599659,4.88315171978,2.613458231,1.44021560925
2000.0,4.0,450606,451621,463263,39.1235358606,29.4052897653,18.213694447,12.6032498458,8.14658482133,5.7309489887,3.06498359986,1.81932774974,30.6495933537,22.9194390872,15.0382732424,10.8777049783,7.34398976133,5.21986355816,2.76847179383,1.59868562356
2000.0,5.0,461033,462396,478909,38.5317320018,29.3250157798,18.8318406708,13.4957801285,9.19153292714,6.70884730594,3.95091023853,2.48680680125,31.3365600048,23.5056099101,15.7417019178,11.7077137345,8.18216420557,5.99918684418,3.46953693371,2.11442140503
2000.0,6.0,450866,452468,471100,47.3446655991,37.7300572676,25.9538310718,19.2482910665,13.3587362986,9.8164421358,5.74161724326,3.51057742212,40.9144956107,31.7668873821,21.9449773244,16.4829335997,11.5318652369,8.50557387484,4.8812291698,2.92484772404
2000.0,7.0,466497,467816,483342,43.3977067377,33.9575602844,22.6496633419,16.5422285674,11.3893551298,8.35375147107,4.78652595837,2.83581673623,37.490808352,28.637968774,19.5153650153,14.5980470954,10.2574516477,7.6017066539,4.31879200369,2.53689484755
2000.0,8.0,475005,476375,491366,44.1096409511,34.5543731119,22.961231987,16.5579309691,11.0786202251,7.81781244408,4.2292186398,2.43176387617,36.9828391498,28.3652584623,19.3610076096,14.3279979008,9.820624508,6.98315402781,3.70443453162,2.10464445028
2000.0,9.0,451747,452732,463097,35.0322193617,26.0249653014,16.2688407449,11.3694169524,7.34282684777,4.9884116552,2.51091872221,1.30980393893,26.6912875609,20.0997499625,13.3529328609,9.65427670233,6.42587667759,4.4213795358,2.17369216225,1.13643391675
2000.0,10.0,474478,475392,485761,38.2637340404,28.7832101805,18.0465690717,12.5384106323,8.07013180801,5.53977212853,2.75608142,1.4424272569,29.5915791599,22.4686153743,15.0568373048,10.9951366451,7.39642232095,5.15721762251,2.55894083199,1.32017366721
2000.0,11.0,455525,456339,467251,42.2161242522,32.4531035618,20.602601394,14.2429065364,8.95538115361,5.98035234071,2.84638603809,1.44646287251,34.3431089607,26.1178641317,17.2880249113,12.3802699309,8.10866483031,5.51936170259,2.64299128499,1.36083043527
2000.0,12.0,450958,452438,481038,49.3939568652,40.2529725606,28.0627020698,20.5688778112,13.7043804523,9.62617361262,5.0184274367,2.77963801507,43.9443636476,35.3029586374,24.8451721562,18.5077292358,12.5851497885,8.81800379278,4.53454395961,2.4498384309
2001.0,1.0,509074,510049,529940,36.703504795,27.8635326102,17.3558264614,11.8240177263,7.38360238394,4.92855655563,2.41045506154,1.25639887325,29.9937849109,22.7407562803,15.0018919751,10.7703377519,6.98305456927,4.74738701576,2.30566082867,1.1812590555
2001.0,2.0,458947,460376,477824,39.6451006325,30.7957127947,20.0565642656,14.1807223928,9.15269083358,6.25453483736,3.0707249421,1.6363545246,31.6148105027,24.4830312614,16.6796270874,12.2365197143,8.15463881697,5.59455749214,2.71973343528,1.42926651259
2001.0,3.0,512325,513243,531119,37.5488215488,28.4797735812,17.9126531011,12.4057971014,7.8618064705,5.35538964524,2.68111062314,1.40770019031,31.5988722691,23.8795268518,15.7102970718,11.3188099984,7.45962438845,5.16538949387,2.5625288606,1.33153301652
2001.0,4.0,501837,502773,514187,33.1033781885,24.5856722402,15.0963360613,10.3914219159,6.63322951476,4.56921271249,2.42787996899,1.37275649265,26.9964775356,19.9803887639,13.0080573141,9.36426578197,6.21513088412,4.36081492045,2.25787780967,1.26040976743
2001.0,5.0,519645,520488,529940,30.5883824534,22.3716190861,13.6202599852,9.23861482358,5.70023766225,3.74544159955,1.75350479654,0.889838254963,23.9014155946,17.5729315565,11.4352300149,8.12852553757,5.21183965817,3.46559382733,1.60368730883,0.811738214906
2001.0,6.0,503081,504721,520230,36.9401746438,28.2658259803,18.4228782244,13.362062968,9.08223526629,6.55202641324,3.71570383298,2.19169477679,31.0098054173,23.3798474801,15.8023937978,11.7817566537,8.16550133638,5.91673419572,3.3057867614,1.93235470686
2001.0,7.0,525961,527154,538440,34.2645177114,25.7589441042,16.4304957972,11.5938253977,7.53002599052,5.18726673651,2.70590404992,1.53585532007,29.0030996635,21.5769964754,14.3172583344,10.4335734909,6.94237357584,4.8475398081,2.50932365115,1.41950928951
2001.0,8.0,529459,531033,544351,35.951036813,27.5280994374,17.9751406624,13.0227269722,8.84449976297,6.33571249143,3.5322848417,2.03868477068,29.6627516557,22.4392834344,15.2685426329,11.4186877275,7.92436628232,5.70717827329,3.09735929782,1.77013481271
2001.0,9.0,389988,391374,490698,25.5733509749,19.1203319076,12.2103757039,8.74232027652,5.88966840005,4.23013015785,2.3549442547,1.37414484548,23.7366304353,17.6927951269,11.6428275767,8.50490834854,5.80340032807,4.18244441378,2.29013680009,1.32763034846
2001.0,10.0,436189,436946,443796,26.7744028391,18.9796166341,10.5834855991,6.71795941667,3.95333215647,2.58007423388,1.31961145283,0.74165098157,27.1095284085,18.6075624906,10.2937205055,6.60974124949,3.96181679201,2.57720633671,1.26239855726,0.709240958837
2001.0,11.0,412236,412889,417386,28.7151049399,20.05938346,10.7499102456,6.63454914175,3.84585528678,2.52622284323,1.27887908868,0.738654557098,25.6010695368,17.324510946,9.50836665544,6.10793700002,3.671931197,2.45683464563,1.22405779762,0.703094536304
2001.0,12.0,424931,425536,429869,34.6821013294,25.4631928478,14.6663811301,9.27162292231,5.21002233304,3.24217343522,1.43246785949,0.704820312004,30.9332230411,22.3501654384,13.1826684464,8.5929275079,4.96597232667,3.13275492555,1.37238682509,0.657288690029
2002.0,1.0,428537,429035,436336,32.3185629246,23.6093966215,13.6118934888,8.7308680464,5.06490688085,3.25689497056,1.60639571379,0.889071422071,25.5452352372,18.3670329926,10.8851259221,7.24882585337,4.37493444591,2.900229585,1.41317141958,0.768934935378
2002.0,2.0,394799,395212,399535,28.6758578416,20.0664135421,10.7738368132,6.55346138161,3.68035380029,2.32700690731,1.09372110872,0.574722833644,23.1665536472,15.8876754754,8.88915316337,5.74071637501,3.38451261601,2.1843972349,1.0123680455,0.530095240023
2002.0,3.0,441110,441863,447896,36.0996123416,26.8846772914,15.9474960894,10.2915372583,6.06674072227,3.92464464646,1.88365713768,1.01834009657,29.8911653612,21.8393483953,13.3000500155,8.96612751011,5.46662653356,3.59387411935,1.70007445747,0.901636932714
2002.0,4.0,432913,433628,438141,30.8861133761,22.2682155537,12.8882708535,8.44904172432,5.16639601952,3.48984668975,1.76247883524,0.983569446979,23.8462460911,17.1529513777,10.3902423275,7.20433182359,4.5695849899,3.10404309685,1.55594195947,0.861106755099
2002.0,5.0,445036,445604,450046,29.9407238965,21.8222795459,12.9647938594,8.68626358317,5.36518394018,3.55499330391,1.7472743778,0.920824382747,23.2365508389,16.8921284369,10.421809499,7.24499780074,4.60049730254,3.06886832255,1.45712336514,0.754930386621
2002.0,6.0,439651,440667,448333,33.8673174859,25.6316942302,16.1698711023,11.386759043,7.52460474331,5.34219187492,3.0037461532,1.79551507901,29.0400688048,21.6392423304,13.8562678848,9.88274592833,6.58274842455,4.64840798154,2.52299355295,1.48411385468
2002.0,7.0,458203,459313,465573,32.7106107991,24.6194372363,15.5167032953,10.849557947,7.026579922,4.82209850219,2.4836153408,1.38192024059,28.4076435894,21.204712255,13.5304247866,9.60477931171,6.27981354762,4.32341344573,2.21940158454,1.24359641465
2002.0,8.0,460563,461425,466764,29.4131313197,21.5108465074,12.9993073695,8.8743559513,5.59358871642,3.77147100397,1.8991972868,1.05870423807,24.945982554,18.173050875,11.2848241859,7.85479763775,5.04177276914,3.43826190605,1.72010619277,0.946199273988
2002.0,9.0,425796,426310,429996,21.57676446,15.1504476322,8.85353549587,5.92466815095,3.65996862347,2.41735478962,1.16628620278,0.582438538643,16.663930004,11.9872862471,7.48563252094,5.23679951209,3.30862517886,2.19488165889,1.0424339096,0.524266378926
2002.0,10.0,441548,442041,446590,28.9646878709,20.5805484341,11.4682888384,7.25674218884,4.19003143486,2.68170164965,1.2363321768,0.609673240508,20.9862886022,15.119864447,9.2174707776,6.22476195647,3.83878418518,2.51582997957,1.15351290944,0.564427281632
2002.0,11.0,410875,411349,415024,27.1978095528,19.2652266504,10.7120170368,6.74609066018,3.95400060846,2.58570124734,1.26413142683,0.693398235473,20.2392615516,14.3012381214,8.57082428789,5.78195157883,3.60739906989,2.41400854262,1.17418542406,0.642763201077
2002.0,12.0,418829,419769,427125,34.5981295469,26.1600796506,16.2834951734,11.2477884769,7.26215233425,5.0717595964,2.76795541856,1.64434649941,29.9114512982,22.3568200606,14.2147228595,10.0171761135,6.56718337943,4.60634301247,2.44610726376,1.42030497726
2003.0,1.0,542921,543768,552109,28.0930374769,20.5118240039,12.0919986517,8.09086404836,4.92410498028,3.23748759028,1.58089298443,0.842664033994,21.0168674876,15.6767224257,9.86560444896,6.88050786365,4.37300466375,2.9108001942,1.44013623457,0.758411675568
2003.0,2.0,479022,480205,500206,33.9201539804,25.9299155362,16.3272250544,11.3422765551,7.14727089779,4.84069625195,2.45437579067,1.32874899274,25.6744515363,19.8167449319,13.0579648275,9.39182224258,6.14737455878,4.20695328037,2.1361710103,1.14284524318
2003.0,3.0,548843,549788,559342,28.3527347529,20.9963505046,12.6655528084,8.59353221231,5.34251142859,3.58426726769,1.79104042504,0.967307590695,20.944618653,15.8122767321,10.2195755455,7.22551237932,4.63796954462,3.16030906458,1.57660771061,0.848690768078
2003.0,4.0,520357,520969,527303,23.3733763551,16.4237244815,9.39239791143,6.23341283004,3.79181984676,2.52000069183,1.28277317303,0.720274734461,17.4319393284,12.6907743071,7.87647633544,5.42911382443,3.44262326549,2.30186441036,1.14882075517,0.625373102814
2003.0,5.0,528723,529469,533782,26.5619237294,19.0506181876,11.4195902202,7.77306831744,4.91372609098,3.35619974921,1.68008579161,0.883827637534,18.9418077357,13.973433761,8.93234542532,6.3393701992,4.15265105228,2.84190386973,1.44295511163,0.756984828196
2003.0,6.0,531310,532335,536496,30.6843462385,22.4155389509,13.4817714705,9.19764356026,5.78551128343,3.87532702189,1.89606820877,1.00845081026,22.9573482863,17.1303784271,10.9316501827,7.69684503179,4.95740464181,3.36385922398,1.66135985798,0.886096161252
2003.0,7.0,549528,550733,558568,32.523183532,24.4715464908,15.6965614127,11.2019769693,7.52773289077,5.4057300083,3.02914501172,1.81410228414,25.2289221819,19.1535644314,12.7464669813,9.34536336119,6.36224813113,4.54467046645,2.51719072581,1.49818514598
2003.0,8.0,546358,547875,556984,33.0257816304,24.9623872992,16.0920129293,11.5244949282,7.67555339173,5.41988952299,3.02695302348,1.83432840738,25.0150125485,19.1793748574,12.8759297285,9.40816792151,6.38156513803,4.54063426877,2.53141683778,1.53246634725
2003.0,9.0,519252,520023,527714,24.6518068298,17.4776409142,10.379738547,7.11947185567,4.5438438369,3.09849552818,1.51910825572,0.783434632895,16.2723571842,12.3304161547,8.09060368484,5.84147239641,3.79617824596,2.54777192547,1.22148443434,0.62035717651
2003.0,10.0,546559,547279,552370,25.7886156847,17.7658770599,9.72703770316,6.24269292062,3.76336315018,2.46890088719,1.19072231909,0.644395207105,17.4280394461,12.6898711626,7.85084024784,5.45918991958,3.44814984679,2.30357824802,1.13196376985,0.624727058776
2003.0,11.0,519771,520764,528171,32.9431615077,24.4257567275,14.832301148,10.0340342189,6.30373760752,4.29843142461,2.21520631201,1.19437213696,22.8767733561,17.3992441874,11.384427495,8.181633139,5.34003886597,3.69975651159,1.91526295981,1.01984776213
2003.0,12.0,543045,543863,555495,37.8016554797,28.7536023718,18.0182121187,12.3875553591,7.8976880369,5.41962452467,2.80381920467,1.52289405114,29.5425502378,22.6527636556,14.6945094629,10.4629290832,6.85687388184,4.74641591724,2.42174959503,1.28929528208
2004.0,1.0,565361,566376,583987,37.1842061975,28.7915155096,18.6319891185,13.0831451055,8.44840730082,5.78267690909,2.99896880047,1.68104980711,27.8860686187,21.9553794652,14.8922270718,10.8392657881,7.19592638106,4.996327528,2.59580208201,1.44215150359
2004.0,2.0,543651,544395,553876,35.90520389,27.2980275949,17.0598416999,11.6927955619,7.31553882914,4.93000104847,2.38700931296,1.21199078085,26.6321329182,20.7140036187,13.6575464506,9.75431442243,6.34429045087,4.31414689701,2.11555947428,1.08358820342
2004.0,3.0,592930,593809,601412,31.4480630091,23.2091477915,14.0429730322,9.59421854182,6.08823975849,4.186160255,2.12841313477,1.13301738822,23.7601653057,17.976992602,11.6296654311,8.31075312095,5.47095109707,3.77242514007,1.9181251884,1.01076272
2004.0,4.0,577837,578485,582970,30.2787810403,21.9127539427,12.8176285008,8.57439035576,5.24144352127,3.42882162271,1.59889380569,0.826530665222,22.4809632056,16.8858310933,10.6708039102,7.44046950223,4.73720148318,3.12333076916,1.44549988332,0.748506875718
2004.0,5.0,582437,584076,594457,34.1523632599,26.2069545719,17.3551817621,12.7864472896,8.88696974952,6.48155937895,3.72126084023,2.25363429865,26.0493497422,20.5690697786,14.1981522952,10.6919305022,7.45553660825,5.42360925633,3.01878522658,1.78915072696
2004.0,6.0,578271,579996,588792,40.7748270275,32.0413785232,21.5922984206,15.9127813776,10.8604789104,7.78043512471,4.27394768197,2.42273951141,33.0341933393,26.2413878716,18.0802971055,13.4445754798,9.2485120587,6.61952841054,3.60312829744,2.03622093945
2004.0,7.0,602453,604034,614166,37.2868920895,28.64240032,18.7433708522,13.5668674569,9.15855676708,6.56831321281,3.69588996984,2.24249858495,31.2119847558,24.3999509961,16.3141478791,11.9004890453,8.09689520789,5.76838389892,3.2148852548,1.90734296414
2004.0,8.0,611722,612944,623107,34.048963418,25.8986925433,16.7471498491,12.0659384492,8.12689424281,5.78432686743,3.22875423804,1.83187787917,27.7726839646,21.571628077,14.382553708,10.4882338354,7.1401302566,5.08871936099,2.80678169621,1.60308282649
2004.0,9.0,566109,567156,585125,24.9905936843,17.8387907629,10.6041416052,7.25319682252,4.6307336573,3.1548694686,1.6457961276,0.948227284852,19.5614610442,14.5954552187,9.32882663676,6.63521147621,4.33690201638,2.96373484544,1.51633765666,0.855143911023
2004.0,10.0,602478,603342,610037,32.8518219752,24.0730781871,14.2428437221,9.43569723708,5.76933929538,3.77789728422,1.71425346652,0.824926387354,24.6803637075,18.7107809501,11.8776746853,8.24308601092,5.20616830918,3.45724315562,1.57522599123,0.76971270026
2004.0,11.0,576234,577273,584610,34.2093663338,25.6885223711,15.9506381088,11.0469010853,7.14206381435,5.02018277297,2.67582266926,1.48759011096,27.0317510086,21.0694073688,13.8844186373,9.95733387842,6.61264254521,4.67473794894,2.45152640085,1.33853480069
2004.0,12.0,588246,589627,606731,41.4705752355,32.7847533175,21.7849335142,15.6924143981,10.4211503351,7.3654559487,3.95548801012,2.24599912282,35.4831105088,28.5183683922,19.6386868308,14.4769489864,9.74819674133,6.88452190961,3.65298739712,2.05960717538
2005.0,1.0,568031,569840,594924,40.0557363947,31.5459895675,20.9838899638,14.9923155602,9.85914501145,6.94099441756,3.75331628027,2.12664449652,33.0443633301,26.3851256493,17.9750456268,13.1580794609,8.7808858627,6.19033412888,3.32935560859,1.87122701109
2005.0,2.0,534959,535827,545332,35.3363528794,26.9383261147,17.0136402977,11.7939879505,7.51365992534,5.116093009,2.56169164366,1.40141580944,27.7134224293,21.7060730422,14.3925184808,10.2889552038,6.72829103423,4.62425372368,2.31175360704,1.23621989933
2005.0,3.0,606489,607371,617540,36.3816985963,27.8189711602,17.6995790525,12.410777442,8.06444964377,5.63687057803,3.03913178969,1.76870479102,30.1519170326,23.6395876655,15.590635707,11.1936526439,7.4317015465,5.19583582357,2.76354979082,1.58354613572
2005.0,4.0,586179,586960,594492,28.8509141406,20.7361573854,12.1150706525,8.13932263012,5.11089615971,3.4828951566,1.76652524229,0.965234169085,22.2449570669,16.6677456726,10.4891304348,7.32622325201,4.73882376993,3.22509199945,1.62379037754,0.870417064195
2005.0,5.0,608046,608925,614802,28.5909289758,20.6277156662,12.3012074744,8.42288247929,5.38544781151,3.68162935041,1.90659917177,1.07738559254,22.6666666667,17.0934023073,10.8085560619,7.63657264852,4.97565381615,3.40665927659,1.73403949583,0.965636162089
2005.0,6.0,597856,599279,609195,37.6833217363,29.2705935878,19.5645774233,14.3869092223,9.85287427073,7.0670863887,3.84724749773,2.2008644222,31.9569015434,25.3180905722,17.3093000088,12.8337552292,8.78238683485,6.26068992906,3.32399433319,1.88559919503
2005.0,7.0,612107,614110,627961,41.1357818159,33.0520644266,23.3089966297,17.830215959,12.761657684,9.55437529713,5.64999256666,3.43322327632,36.3053850287,29.4551464721,20.8605950074,15.8670270798,11.3432446956,8.37439546661,4.83756981648,2.91218185667
2005.0,8.0,615643,617452,630904,37.0175572531,28.7453930281,19.1664649805,13.9624750058,9.44199804107,6.65889159789,3.52525733258,1.8994774569,31.5643969086,25.0764431891,17.048126818,12.5590329289,8.51418409852,5.9876719162,3.1118208379,1.66911759942
2005.0,9.0,561905,562721,574253,28.7194454579,20.7848301759,12.2704015803,8.21811516182,5.09694699282,3.42139685534,1.69174504587,0.893389451954,22.7745188113,17.1756518772,10.733916097,7.39638293222,4.65648163122,3.08341078439,1.47959646077,0.774451282252
2005.0,10.0,581513,582237,592712,31.205149326,22.7461810828,13.7938446776,9.48491263308,6.15343079174,4.29104766359,2.28507359251,1.2878473912,25.1425106958,19.2038637187,12.3741706556,8.77048349727,5.7600255566,3.98428818505,2.07647401316,1.12823472229
2005.0,11.0,559625,560552,566138,33.3396470851,24.9177574268,15.2763010945,10.4216216216,6.69376814831,4.60201027474,2.39463926737,1.3221353585,27.0642152735,20.7040560019,13.2542565186,9.33080249468,6.03833364255,4.1432373803,2.09418573121,1.13513108507
2005.0,12.0,560485,561592,572343,43.5629856285,34.4556946216,22.6543083223,15.9155017529,10.2668224841,7.06031383534,3.72855651802,2.04055416291,37.7288138008,30.1067322896,20.0873587943,14.2989928631,9.32224818017,6.45575435548,3.35741962136,1.80486901523
2006.0,1.0,570130,571500,581287,32.9537123112,25.1688211461,16.1075544174,11.3656534475,7.48162699735,5.28896918247,2.88092189501,1.65927069265,27.862992126,21.9133858268,14.5875765529,10.5319335083,7.01119860017,4.95240594926,2.70078740157,1.5426071741
2006.0,2.0,518645,519954,531247,37.035544544,28.8974153805,18.7970577177,13.1629534653,8.34289350134,5.63911731531,2.82601779637,1.55038610225,31.0929428373,24.5715967182,16.4160675752,11.7214215104,7.60721140716,5.2006523654,2.6496574697,1.44782038411
2006.0,3.0,596578,597631,605217,37.3646027845,28.9335174948,18.7568096712,13.3229854269,8.76029622279,6.13247555223,3.22053444814,1.77596223796,32.0831750696,25.28851415,16.9708398661,12.2828300406,8.17494407084,5.70067483112,2.951486787,1.59262153402
2006.0,4.0,577718,578747,585351,34.7856566699,26.4225798746,16.7183643231,11.7027684787,7.60803713923,5.26364073821,2.77730657518,1.54452518357,29.5683606135,22.9675488599,14.9954988968,10.6759948648,6.97213117303,4.83181770273,2.51457026991,1.38868970379
2006.0,5.0,594626,595862,602919,34.6616192363,26.3446267065,16.9388825917,12.0218423009,7.92380420634,5.56013359658,2.96589789212,1.69467867197,29.5207615186,23.095616099,15.31797631,11.0403079908,7.32736774622,5.10269156281,2.66739614206,1.4711460036
2006.0,6.0,586418,588227,598315,40.2020401829,31.6782568066,21.620755161,16.0382184721,11.1221006176,8.180001296,4.73604152669,2.85649485521,36.1411495902,28.6683542238,19.6075664667,14.544895083,10.0396615592,7.29735289268,4.1434684229,2.48203499669
2006.0,7.0,608631,610509,621244,38.6687500308,30.4744582514,20.7398242942,15.3515019774,10.6542387752,7.76529621396,4.50354976989,2.7653865807,35.5349388789,27.9547066464,19.1076626225,14.1480305778,9.76021647511,7.1199605575,4.03220918938,2.46122497785
2006.0,8.0,617379,618949,628732,36.0946841405,28.2291752716,18.9833149492,13.8548606286,9.38353912265,6.63287866934,3.5300844376,1.98468039891,31.5691599793,24.8891265678,16.9834671354,12.4701712096,8.43009682543,5.90581776528,3.097024149,1.73794609895
2006.0,9.0,573750,574987,584937,35.5768191721,27.7511111111,18.4967320261,13.497167756,9.25071895425,6.61159041394,3.61952069717,2.07215686275,27.8328031764,22.1184131119,15.3817390654,11.5284345559,7.99113719093,5.73821669012,3.12250537838,1.74908302275
2006.0,10.0,599086,600319,611718,40.3357781687,31.7411857396,21.1635725088,15.2594118374,10.2035433978,7.28342842263,4.04148986957,2.36243210491,31.9060366239,25.3576848309,17.4447252211,12.9219631563,8.80481877135,6.32080610475,3.51046693508,2.04607883475
2006.0,11.0,575570,576639,586197,36.0241152249,27.8548221763,18.0224820613,12.7016696492,8.37152735549,5.88755494553,3.21785360599,1.86736626301,29.9468124771,23.2653358514,15.470511013,11.1733684333,7.48006985306,5.29135212845,2.87007989401,1.64435634773
2006.0,12.0,585271,586664,604758,40.7349757634,32.7239859826,22.5017128817,16.5210646008,11.226423315,7.9749381056,4.30808975671,2.43835761553,36.9334065155,29.6836008345,20.6095823163,15.3547857036,10.5124909659,7.54111382324,4.07115486889,2.30984004473
2007.0,1.0,604582,605782,621559,38.7742274828,30.6833481645,20.5507276102,14.768716237,9.74938056376,6.79196535788,3.57949790103,1.96300915343,32.6589433162,25.9056888452,17.7027379486,12.9828882337,8.70214037393,6.09691275079,3.18299322198,1.72108118102
2007.0,2.0,538878,540139,565604,44.053570567,35.6609473758,24.727489339,18.1126340285,12.1717717183,8.63590645749,4.6984660721,2.72844688408,38.0744586116,30.7767074771,21.5638937385,16.053460313,10.9684729301,7.81521052914,4.24779547487,2.4528871272
2007.0,3.0,621057,622332,639209,38.4430092568,30.3487441571,20.4506188643,14.9385644152,10.1745894499,7.35439742246,4.1614537796,2.47191481619,34.1685788293,27.025124853,18.5174472789,13.6946195921,9.39193228052,6.77821484352,3.81291657829,2.23931920583
2007.0,4.0,602317,603510,614648,36.4643534883,28.3719370365,18.7359812192,13.5302506819,9.12575935927,6.51683415876,3.62134889103,2.10055502335,31.1835760799,24.2753226956,16.4341933025,12.1393183212,8.34136965419,5.99327268811,3.32405428245,1.94528673924
2007.0,5.0,623326,624768,631609,34.9489673141,26.699993262,17.192127394,12.1953841168,8.06464033267,5.65097557297,3.05201451568,1.75076926039,28.627906679,21.9491075087,14.5327545585,10.572564536,7.10055572629,5.03883041385,2.69091886908,1.51608276992
2007.0,6.0,609838,612037,629280,44.4050715108,35.8772329701,25.3001616823,19.2091998203,13.8239991604,10.4140771812,6.26281077926,3.87611136072,39.5864955877,31.8616358161,22.6050059065,17.2535320577,12.3943487077,9.23179480979,5.42303814965,3.31760988306
2007.0,7.0,632904,635054,648560,42.7202229722,34.4366602202,24.1387319404,18.1779543185,12.7810852831,9.42970813899,5.4204113104,3.25815605526,38.0901466647,30.6066885651,21.5858808857,16.3340440341,11.5319327175,8.46857117662,4.86667275539,2.92494811465
2007.0,8.0,638883,640984,653279,40.734688511,32.478403714,22.5302598441,16.8073027456,11.712629699,8.58780089625,4.9311063215,2.98834058818,36.2659598368,28.9784144378,20.2129850355,15.2192566429,10.5994845425,7.7496474171,4.4099384696,2.66870935936
2007.0,9.0,592718,593680,600187,29.4765807686,22.1157447555,13.9611079805,9.79757658785,6.48537753198,4.59088470402,2.46559071936,1.39121808347,23.9529712977,18.3501212775,12.1680029646,8.87279342407,6.01300363832,4.22904595068,2.25609756098,1.26633876836
2007.0,10.0,621665,622665,629992,34.3572502875,26.2959954316,16.8764527519,11.9015868675,7.81337215381,5.47384845536,2.938560157,1.6594146365,27.7556952776,21.4945436149,14.4119229441,10.4878225049,7.06463347065,4.99674784997,2.66628122666,1.49117101491
2007.0,11.0,597989,598870,605149,31.926172555,24.2584729819,15.413327001,10.899866051,7.19745680941,5.05678198094,2.63048316942,1.42276864625,26.7191544075,20.6174962847,13.7846277155,10.0823217059,6.88279593234,4.85781555262,2.57484929951,1.38995107452
2007.0,12.0,591131,592646,614139,47.9200041953,39.6003593112,28.1318354138,20.8659332703,14.2658733851,10.2058596149,5.69941349718,3.30908038996,41.3661781232,33.9668199903,24.3308821792,18.2984446027,12.7099482659,9.1757980312,5.1018651944,2.97209463997
2008.0,1.0,587130,588457,605765,39.1640692862,31.1913886192,21.0828947593,15.3032548158,10.3896922317,7.55522627016,4.35372064108,2.60197911876,32.8333251198,26.2831438831,18.395226839,13.7270862612,9.58744649142,6.98470746376,3.98397843853,2.35089394807
2008.0,2.0,546925,548640,569236,42.5972482516,34.5122274535,24.1413356493,17.952370069,12.3898157883,8.97143118343,5.04511587512,2.95415276318,36.2627588218,29.3691673957,20.9301181102,15.8555701371,11.1395450569,8.13885243511,4.60247156605,2.66932779236
2008.0,3.0,598343,599907,616090,40.4884823588,32.2407047463,21.9248825506,15.9542269234,10.8725262934,7.88377235131,4.41168359954,2.61889919327,35.2234596362,28.1440289912,19.5573647249,14.4915795282,10.0313881985,7.2839623475,4.0747982604,2.40620629531
2008.0,4.0,586723,587771,598126,34.6386625375,26.4792755696,16.9413846057,11.9727707964,7.88651544255,5.55066019229,3.02681163002,1.79931586115,27.9920241046,21.7324434176,14.5992231668,10.6371358914,7.19804141409,5.10130646119,2.75940800073,1.62512270935
2008.0,5.0,599210,600064,606293,33.5419969627,25.5700005007,16.2600757664,11.3350912034,7.41526343018,5.26559970628,2.85826338012,1.64933829542,27.111774744,20.8367774104,13.8525223976,10.0582604522,6.78377639718,4.84631639292,2.63655210111,1.50800581271
2008.0,6.0,595458,597734,608665,41.1447994653,33.3039441909,23.4478334324,17.7223246644,12.5327059171,9.24364102926,5.31624396683,3.16898924861,35.336788605,28.4315431279,20.3200754851,15.5343346706,11.067130195,8.15580174459,4.63784894284,2.7639384743
2008.0,7.0,615423,617333,627931,34.7330210278,27.6197022211,19.2807223649,14.66308539,10.4747466377,7.83217396815,4.67288352889,2.93180462869,31.2628678525,24.901309342,17.7377525582,13.5754932913,9.71679790324,7.20486350155,4.21085540543,2.61755000948
2008.0,8.0,600750,602444,612279,31.7724511028,24.7873491469,16.7930087391,12.4396171452,8.65018726592,6.31111111111,3.59151061174,2.18160632543,28.608800154,22.382661293,15.4957141245,11.6683044399,8.19462057884,5.96569971649,3.35848643193,2.04400740982
2008.0,9.0,530276,530995,540908,23.9720447465,17.4771251197,10.7313927087,7.51042853156,4.97684224819,3.53042566513,1.89712527061,1.03549849512,19.258373431,14.4451454345,9.54905413422,6.97690185407,4.73921600015,3.39042740515,1.82223938079,0.999256113523
2008.0,10.0,552071,553146,556205,24.8551363864,17.8120205553,10.3874320513,6.94602686973,4.3965359528,3.02261846755,1.60577172139,0.904231520946,20.1133154719,14.672437295,9.23354774327,6.50027298399,4.27228977521,2.98799955166,1.57481026709,0.865955823598
2008.0,11.0,517973,519065,523272,27.1363565282,20.3273143581,12.7645649484,9.04718971838,6.11305994714,4.41065460941,2.47329494008,1.39215750628,21.6880352172,16.5983065705,11.1587180796,8.29645612785,5.7626694152,4.17327309682,2.29200581815,1.26342558254
2008.0,12.0,524747,527926,544958,45.7734870328,38.0775878662,27.5797670115,21.0034549983,14.8258112957,10.9452745799,6.4703561907,3.99983230014,40.2641658111,33.1749146661,24.2941245553,18.7242151362,13.4291548437,10.0010228706,5.90783556786,3.60770259468
